{
  "viteDev": {
    "command": "Vite dev server startup",
    "mean": 0.098,
    "stddev": 0.0049665548085837796,
    "median": 0.095,
    "min": 0.094,
    "max": 0.105,
    "times": [
      0.105,
      0.094,
      0.095
    ],
    "exit_codes": [
      0,
      0,
      0
    ]
  },
  "viteBuild": {
    "command": "npm run build",
    "mean": 0.33308430981333337,
    "stddev": 0.0021283822045333684,
    "median": 0.33274829548,
    "user": 0.40279849333333334,
    "system": 0.053369386666666664,
    "min": 0.33114392148,
    "max": 0.33536071248,
    "times": [
      0.33536071248,
      0.33274829548,
      0.33114392148
    ],
    "exit_codes": [
      0,
      0,
      0
    ]
  },
  "rspackDev": {
    "command": "Rspack dev server startup",
    "mean": 0.146,
    "stddev": 0.02550816862627865,
    "median": 0.13,
    "min": 0.126,
    "max": 0.182,
    "times": [
      0.13,
      0.182,
      0.126
    ],
    "exit_codes": [
      0,
      0,
      0
    ]
  },
  "rspackBuild": {
    "command": "npm run build",
    "mean": 0.9365235434733336,
    "stddev": 0.0030226849729870172,
    "median": 0.9350104321400001,
    "user": 1.6015051066666668,
    "system": 0.15502711333333333,
    "min": 0.9345562241400001,
    "max": 0.9400039741400001,
    "times": [
      0.9400039741400001,
      0.9345562241400001,
      0.9350104321400001
    ],
    "exit_codes": [
      0,
      0,
      0
    ]
  },
  "webpackDev": {
    "command": "Webpack dev server startup",
    "mean": 0.3313333333333333,
    "stddev": 0.0044969125210773475,
    "median": 0.334,
    "min": 0.325,
    "max": 0.335,
    "times": [
      0.335,
      0.334,
      0.325
    ],
    "exit_codes": [
      0,
      0,
      0
    ]
  },
  "webpackBuild": {
    "command": "npm run build",
    "mean": 1.1240863044533336,
    "stddev": 0.011738534160600016,
    "median": 1.12539283212,
    "user": 2.360032933333333,
    "system": 0.2393639,
    "min": 1.11174916612,
    "max": 1.13511691512,
    "times": [
      1.13511691512,
      1.11174916612,
      1.12539283212
    ],
    "exit_codes": [
      0,
      0,
      0
    ]
  }
}