{
  "viteDev": {
    "command": "Vite dev server startup",
    "mean": 0.10433333333333333,
    "stddev": 0.008498365855987976,
    "median": 0.101,
    "min": 0.096,
    "max": 0.116,
    "times": [
      0.116,
      0.096,
      0.101
    ],
    "exit_codes": [
      0,
      0,
      0
    ]
  },
  "viteBuild": {
    "command": "npm run build",
    "mean": 0.3567913189333333,
    "stddev": 0.02042032379927031,
    "median": 0.3569920966,
    "user": 0.4272415,
    "system": 0.06085234666666667,
    "min": 0.3362713466,
    "max": 0.3771105136,
    "times": [
      0.3362713466,
      0.3771105136,
      0.3569920966
    ],
    "exit_codes": [
      0,
      0,
      0
    ]
  },
  "rspackDev": {
    "command": "Rspack dev server startup",
    "mean": 0.139,
    "stddev": 0.012192894105447922,
    "median": 0.133,
    "min": 0.128,
    "max": 0.156,
    "times": [
      0.156,
      0.128,
      0.133
    ],
    "exit_codes": [
      0,
      0,
      0
    ]
  },
  "rspackBuild": {
    "command": "npm run build",
    "mean": 0.9260412042800001,
    "stddev": 0.0031380937233041863,
    "median": 0.92550288428,
    "user": 1.5812054266666664,
    "system": 0.15560362666666666,
    "min": 0.9232070932800001,
    "max": 0.9294136352800001,
    "times": [
      0.9294136352800001,
      0.9232070932800001,
      0.92550288428
    ],
    "exit_codes": [
      0,
      0,
      0
    ]
  },
  "webpackDev": {
    "command": "Webpack dev server startup",
    "mean": 0.3766666666666667,
    "stddev": 0.06676492758593808,
    "median": 0.333,
    "min": 0.326,
    "max": 0.471,
    "times": [
      0.471,
      0.326,
      0.333
    ],
    "exit_codes": [
      0,
      0,
      0
    ]
  },
  "webpackBuild": {
    "command": "npm run build",
    "mean": 1.1783037999733332,
    "stddev": 0.03480927556461058,
    "median": 1.15874163264,
    "user": 2.4740149666666666,
    "system": 0.28528714,
    "min": 1.15767638364,
    "max": 1.2184933836399998,
    "times": [
      1.2184933836399998,
      1.15767638364,
      1.15874163264
    ],
    "exit_codes": [
      0,
      0,
      0
    ]
  }
}