{
  "viteDev": {
    "command": "Vite dev server startup",
    "mean": 0.09933333333333333,
    "stddev": 0.00402768199119819,
    "median": 0.097,
    "min": 0.096,
    "max": 0.105,
    "times": [
      0.105,
      0.096,
      0.097
    ],
    "exit_codes": [
      0,
      0,
      0
    ]
  },
  "viteBuild": {
    "command": "npm run build",
    "mean": 0.3456234783066667,
    "stddev": 0.0012336831111611798,
    "median": 0.34553918664000005,
    "user": 0.4058017733333333,
    "system": 0.0626391,
    "min": 0.34443410264,
    "max": 0.34689714564,
    "times": [
      0.34689714564,
      0.34443410264,
      0.34553918664000005
    ],
    "exit_codes": [
      0,
      0,
      0
    ]
  },
  "rspackDev": {
    "command": "Rspack dev server startup",
    "mean": 0.14,
    "stddev": 0.005656854249492381,
    "median": 0.144,
    "min": 0.132,
    "max": 0.144,
    "times": [
      0.144,
      0.144,
      0.132
    ],
    "exit_codes": [
      0,
      0,
      0
    ]
  },
  "rspackBuild": {
    "command": "npm run build",
    "mean": 0.97099329488,
    "stddev": 0.0005672698783224865,
    "median": 0.97073676688,
    "user": 1.6402359333333332,
    "system": 0.16948767333333334,
    "min": 0.9705996008800001,
    "max": 0.9716435168800001,
    "times": [
      0.97073676688,
      0.9705996008800001,
      0.9716435168800001
    ],
    "exit_codes": [
      0,
      0,
      0
    ]
  },
  "webpackDev": {
    "command": "Webpack dev server startup",
    "mean": 0.3783333333333333,
    "stddev": 0.05007549855523712,
    "median": 0.347,
    "min": 0.339,
    "max": 0.449,
    "times": [
      0.449,
      0.339,
      0.347
    ],
    "exit_codes": [
      0,
      0,
      0
    ]
  },
  "webpackBuild": {
    "command": "npm run build",
    "mean": 1.18127396234,
    "stddev": 0.008448672599118,
    "median": 1.18283972634,
    "user": 2.43610486,
    "system": 0.28236816000000003,
    "min": 1.17215193434,
    "max": 1.18883022634,
    "times": [
      1.18283972634,
      1.17215193434,
      1.18883022634
    ],
    "exit_codes": [
      0,
      0,
      0
    ]
  }
}