{
  "viteDev": {
    "command": "Vite dev server startup",
    "mean": 0.106,
    "stddev": 0.011343133018115703,
    "median": 0.099,
    "min": 0.097,
    "max": 0.122,
    "times": [
      0.122,
      0.099,
      0.097
    ],
    "exit_codes": [
      0,
      0,
      0
    ]
  },
  "viteBuild": {
    "command": "npm run build",
    "mean": 0.33440334673333333,
    "stddev": 0.0002902261054149461,
    "median": 0.3343358044,
    "user": 0.4025887533333334,
    "system": 0.05632324666666666,
    "min": 0.3341528474,
    "max": 0.3347213884,
    "times": [
      0.3341528474,
      0.3347213884,
      0.3343358044
    ],
    "exit_codes": [
      0,
      0,
      0
    ]
  },
  "rspackDev": {
    "command": "Rspack dev server startup",
    "mean": 0.14033333333333334,
    "stddev": 0.018873850222522755,
    "median": 0.128,
    "min": 0.126,
    "max": 0.167,
    "times": [
      0.167,
      0.128,
      0.126
    ],
    "exit_codes": [
      0,
      0,
      0
    ]
  },
  "rspackBuild": {
    "command": "npm run build",
    "mean": 0.9285493588200001,
    "stddev": 0.003616088934551815,
    "median": 0.9296788728200001,
    "user": 1.5892514199999999,
    "system": 0.1566273333333333,
    "min": 0.92450333082,
    "max": 0.93146587282,
    "times": [
      0.93146587282,
      0.9296788728200001,
      0.92450333082
    ],
    "exit_codes": [
      0,
      0,
      0
    ]
  },
  "webpackDev": {
    "command": "Webpack dev server startup",
    "mean": 0.3626666666666667,
    "stddev": 0.05609713797413277,
    "median": 0.323,
    "min": 0.323,
    "max": 0.442,
    "times": [
      0.442,
      0.323,
      0.323
    ],
    "exit_codes": [
      0,
      0,
      0
    ]
  },
  "webpackBuild": {
    "command": "npm run build",
    "mean": 1.1110675470466667,
    "stddev": 0.007459952125253539,
    "median": 1.11268494938,
    "user": 2.3627819999999997,
    "system": 0.23522906,
    "min": 1.10293157538,
    "max": 1.11758611638,
    "times": [
      1.11268494938,
      1.10293157538,
      1.11758611638
    ],
    "exit_codes": [
      0,
      0,
      0
    ]
  }
}