{
  "viteDev": {
    "command": "Vite dev server startup",
    "mean": 0.104,
    "stddev": 0.006164414002968976,
    "median": 0.103,
    "min": 0.096,
    "max": 0.112,
    "times": [
      0.11,
      0.112,
      0.103,
      0.099,
      0.096
    ],
    "exit_codes": [
      0,
      0,
      0,
      0,
      0
    ]
  },
  "viteBuild": {
    "command": "npm run build",
    "mean": 0.33378867778,
    "stddev": 0.004182128694271286,
    "median": 0.33256824418,
    "user": 0.40422864000000003,
    "system": 0.05676396,
    "min": 0.32967816118000004,
    "max": 0.33889803618000003,
    "times": [
      0.33746632818,
      0.32967816118000004,
      0.33256824418,
      0.33889803618000003,
      0.33033261918
    ],
    "exit_codes": [
      0,
      0,
      0,
      0,
      0
    ]
  },
  "rspackDev": {
    "command": "Rspack dev server startup",
    "mean": 0.1368,
    "stddev": 0.012592060990957754,
    "median": 0.133,
    "min": 0.127,
    "max": 0.161,
    "times": [
      0.161,
      0.127,
      0.127,
      0.136,
      0.133
    ],
    "exit_codes": [
      0,
      0,
      0,
      0,
      0
    ]
  },
  "rspackBuild": {
    "command": "npm run build",
    "mean": 0.92720916906,
    "stddev": 0.0073497045436747375,
    "median": 0.92932871046,
    "user": 1.5846603,
    "system": 0.15916435999999998,
    "min": 0.91589908646,
    "max": 0.93585966846,
    "times": [
      0.92956308546,
      0.92539529446,
      0.91589908646,
      0.93585966846,
      0.92932871046
    ],
    "exit_codes": [
      0,
      0,
      0,
      0,
      0
    ]
  },
  "webpackDev": {
    "command": "Webpack dev server startup",
    "mean": 0.352,
    "stddev": 0.05812744618508541,
    "median": 0.324,
    "min": 0.317,
    "max": 0.468,
    "times": [
      0.468,
      0.324,
      0.317,
      0.322,
      0.329
    ],
    "exit_codes": [
      0,
      0,
      0,
      0,
      0
    ]
  },
  "webpackBuild": {
    "command": "npm run build",
    "mean": 1.1067468917199998,
    "stddev": 0.021692000353401887,
    "median": 1.1001069589199999,
    "user": 2.34345188,
    "system": 0.23866456,
    "min": 1.09111695792,
    "max": 1.14482808292,
    "times": [
      1.09579066692,
      1.10189179192,
      1.09111695792,
      1.1001069589199999,
      1.14482808292
    ],
    "exit_codes": [
      0,
      0,
      0,
      0,
      0
    ]
  }
}