{
  "viteDev": {
    "command": "Vite dev server startup",
    "mean": 0.10066666666666667,
    "stddev": 0.0059066817155564505,
    "median": 0.097,
    "min": 0.096,
    "max": 0.109,
    "times": [
      0.109,
      0.096,
      0.097
    ],
    "exit_codes": [
      0,
      0,
      0
    ]
  },
  "viteBuild": {
    "command": "npm run build",
    "mean": 0.3301954543266667,
    "stddev": 0.0017661644365464036,
    "median": 0.33071680166,
    "user": 0.4004500066666667,
    "system": 0.053907953333333335,
    "min": 0.32822730166,
    "max": 0.33164225966,
    "times": [
      0.33164225966,
      0.32822730166,
      0.33071680166
    ],
    "exit_codes": [
      0,
      0,
      0
    ]
  },
  "rspackDev": {
    "command": "Rspack dev server startup",
    "mean": 0.15566666666666665,
    "stddev": 0.022065558884580488,
    "median": 0.157,
    "min": 0.128,
    "max": 0.182,
    "times": [
      0.182,
      0.157,
      0.128
    ],
    "exit_codes": [
      0,
      0,
      0
    ]
  },
  "rspackBuild": {
    "command": "npm run build",
    "mean": 0.9661355393933334,
    "stddev": 0.04290131307267225,
    "median": 0.94761622006,
    "user": 1.6336311866666666,
    "system": 0.16882129333333332,
    "min": 0.9356045120600001,
    "max": 1.0151858860599998,
    "times": [
      0.94761622006,
      0.9356045120600001,
      1.0151858860599998
    ],
    "exit_codes": [
      0,
      0,
      0
    ]
  },
  "webpackDev": {
    "command": "Webpack dev server startup",
    "mean": 0.372,
    "stddev": 0.055449676885142136,
    "median": 0.34,
    "min": 0.326,
    "max": 0.45,
    "times": [
      0.45,
      0.34,
      0.326
    ],
    "exit_codes": [
      0,
      0,
      0
    ]
  },
  "webpackBuild": {
    "command": "npm run build",
    "mean": 1.1272288523266667,
    "stddev": 0.005851741595460841,
    "median": 1.13023871366,
    "user": 2.4039462666666664,
    "system": 0.25112208666666663,
    "min": 1.12048479666,
    "max": 1.13096304666,
    "times": [
      1.13023871366,
      1.12048479666,
      1.13096304666
    ],
    "exit_codes": [
      0,
      0,
      0
    ]
  }
}