{
  "viteDev": {
    "command": "Vite dev server startup",
    "mean": 0.09866666666666667,
    "stddev": 0.004642796092394707,
    "median": 0.097,
    "min": 0.094,
    "max": 0.105,
    "times": [
      0.105,
      0.094,
      0.097
    ],
    "exit_codes": [
      0,
      0,
      0
    ]
  },
  "viteBuild": {
    "command": "npm run build",
    "mean": 0.3307610948333334,
    "stddev": 0.0013029646709916474,
    "median": 0.33004933150000004,
    "user": 0.39718751333333335,
    "system": 0.05589985333333333,
    "min": 0.32996903850000003,
    "max": 0.33226491450000006,
    "times": [
      0.33226491450000006,
      0.32996903850000003,
      0.33004933150000004
    ],
    "exit_codes": [
      0,
      0,
      0
    ]
  },
  "rspackDev": {
    "command": "Rspack dev server startup",
    "mean": 0.14066666666666666,
    "stddev": 0.022866763848189992,
    "median": 0.125,
    "min": 0.124,
    "max": 0.173,
    "times": [
      0.173,
      0.124,
      0.125
    ],
    "exit_codes": [
      0,
      0,
      0
    ]
  },
  "rspackBuild": {
    "command": "npm run build",
    "mean": 0.9203271032400001,
    "stddev": 0.004504047026518265,
    "median": 0.9200183672400001,
    "user": 1.5722471333333334,
    "system": 0.14902417999999998,
    "min": 0.9159853672400001,
    "max": 0.9249775752400001,
    "times": [
      0.9249775752400001,
      0.9159853672400001,
      0.9200183672400001
    ],
    "exit_codes": [
      0,
      0,
      0
    ]
  },
  "webpackDev": {
    "command": "Webpack dev server startup",
    "mean": 0.4056666666666667,
    "stddev": 0.07883033820948773,
    "median": 0.355,
    "min": 0.345,
    "max": 0.517,
    "times": [
      0.517,
      0.345,
      0.355
    ],
    "exit_codes": [
      0,
      0,
      0
    ]
  },
  "webpackBuild": {
    "command": "npm run build",
    "mean": 1.1056483292533332,
    "stddev": 0.005191672488603352,
    "median": 1.10419246792,
    "user": 2.3439621866666664,
    "system": 0.24087625999999998,
    "min": 1.10134000992,
    "max": 1.1114125099199998,
    "times": [
      1.1114125099199998,
      1.10134000992,
      1.10419246792
    ],
    "exit_codes": [
      0,
      0,
      0
    ]
  }
}