{
  "viteDev": {
    "command": "Vite dev server startup",
    "mean": 0.1006,
    "stddev": 0.007227724399837061,
    "median": 0.097,
    "min": 0.096,
    "max": 0.115,
    "times": [
      0.115,
      0.098,
      0.097,
      0.096,
      0.097
    ],
    "exit_codes": [
      0,
      0,
      0,
      0,
      0
    ]
  },
  "viteBuild": {
    "command": "npm run build",
    "mean": 0.32797304336,
    "stddev": 0.0018702469264894814,
    "median": 0.32809125996000005,
    "user": 0.39693093999999995,
    "system": 0.053254199999999995,
    "min": 0.32518438496,
    "max": 0.32997430196000005,
    "times": [
      0.32809125996000005,
      0.32997430196000005,
      0.32731471896000003,
      0.32518438496,
      0.32930055096000005
    ],
    "exit_codes": [
      0,
      0,
      0,
      0,
      0
    ]
  },
  "rspackDev": {
    "command": "Rspack dev server startup",
    "mean": 0.1296,
    "stddev": 0.01070700705145934,
    "median": 0.124,
    "min": 0.124,
    "max": 0.151,
    "times": [
      0.151,
      0.124,
      0.124,
      0.125,
      0.124
    ],
    "exit_codes": [
      0,
      0,
      0,
      0,
      0
    ]
  },
  "rspackBuild": {
    "command": "npm run build",
    "mean": 0.8967165183600001,
    "stddev": 0.007365612885510745,
    "median": 0.8988103603600001,
    "user": 1.54425004,
    "system": 0.14897172,
    "min": 0.88810861036,
    "max": 0.90545402636,
    "times": [
      0.90545402636,
      0.88810861036,
      0.89014069336,
      0.8988103603600001,
      0.9010689013600001
    ],
    "exit_codes": [
      0,
      0,
      0,
      0,
      0
    ]
  },
  "webpackDev": {
    "command": "Webpack dev server startup",
    "mean": 0.3504,
    "stddev": 0.05055531623874981,
    "median": 0.323,
    "min": 0.321,
    "max": 0.451,
    "times": [
      0.451,
      0.322,
      0.321,
      0.323,
      0.335
    ],
    "exit_codes": [
      0,
      0,
      0,
      0,
      0
    ]
  },
  "webpackBuild": {
    "command": "npm run build",
    "mean": 1.100042003,
    "stddev": 0.010828021207197298,
    "median": 1.097382045,
    "user": 2.33096324,
    "system": 0.23456176,
    "min": 1.091505545,
    "max": 1.118262211,
    "times": [
      1.097382045,
      1.092505503,
      1.091505545,
      1.118262211,
      1.100554711
    ],
    "exit_codes": [
      0,
      0,
      0,
      0,
      0
    ]
  }
}