{
  "viteDev": {
    "command": "Vite dev server startup",
    "mean": 0.0978,
    "stddev": 0.003059411708155671,
    "median": 0.097,
    "min": 0.094,
    "max": 0.103,
    "times": [
      0.097,
      0.099,
      0.094,
      0.096,
      0.103
    ],
    "exit_codes": [
      0,
      0,
      0,
      0,
      0
    ]
  },
  "viteBuild": {
    "command": "npm run build",
    "mean": 0.33195131486000007,
    "stddev": 0.003168536338887915,
    "median": 0.33170183206000003,
    "user": 0.39863102,
    "system": 0.054497859999999995,
    "min": 0.32897895606000005,
    "max": 0.33719970606000005,
    "times": [
      0.33002637406,
      0.33719970606000005,
      0.33184970606,
      0.32897895606000005,
      0.33170183206000003
    ],
    "exit_codes": [
      0,
      0,
      0,
      0,
      0
    ]
  },
  "rspackDev": {
    "command": "Rspack dev server startup",
    "mean": 0.131,
    "stddev": 0.006099180272790763,
    "median": 0.128,
    "min": 0.127,
    "max": 0.143,
    "times": [
      0.143,
      0.127,
      0.13,
      0.128,
      0.127
    ],
    "exit_codes": [
      0,
      0,
      0,
      0,
      0
    ]
  },
  "rspackBuild": {
    "command": "npm run build",
    "mean": 0.9469563131600001,
    "stddev": 0.014159721988330562,
    "median": 0.9431121633600001,
    "user": 1.61261972,
    "system": 0.15829204,
    "min": 0.9344804133600001,
    "max": 0.9704418713600002,
    "times": [
      0.9485851633600001,
      0.9344804133600001,
      0.93816195436,
      0.9704418713600002,
      0.9431121633600001
    ],
    "exit_codes": [
      0,
      0,
      0,
      0,
      0
    ]
  },
  "webpackDev": {
    "command": "Webpack dev server startup",
    "mean": 0.359,
    "stddev": 0.06132862300753214,
    "median": 0.329,
    "min": 0.315,
    "max": 0.479,
    "times": [
      0.479,
      0.32,
      0.352,
      0.315,
      0.329
    ],
    "exit_codes": [
      0,
      0,
      0,
      0,
      0
    ]
  },
  "webpackBuild": {
    "command": "npm run build",
    "mean": 1.1253246191800002,
    "stddev": 0.018739351546390264,
    "median": 1.13430701958,
    "user": 2.3707867800000004,
    "system": 0.23840766000000002,
    "min": 1.09716606058,
    "max": 1.1400476855800001,
    "times": [
      1.1400476855800001,
      1.13430701958,
      1.09716606058,
      1.11521460258,
      1.1398877275800001
    ],
    "exit_codes": [
      0,
      0,
      0,
      0,
      0
    ]
  }
}