{
  "viteDev": {
    "command": "Vite dev server startup",
    "mean": 0.10066666666666667,
    "stddev": 0.0065996632910744445,
    "median": 0.096,
    "min": 0.096,
    "max": 0.11,
    "times": [
      0.11,
      0.096,
      0.096
    ],
    "exit_codes": [
      0,
      0,
      0
    ]
  },
  "viteBuild": {
    "command": "npm run build",
    "mean": 0.3396416923666667,
    "stddev": 0.01290861655134751,
    "median": 0.3346958587,
    "user": 0.4018959066666667,
    "system": 0.05464500666666666,
    "min": 0.3299373177,
    "max": 0.35429190070000005,
    "times": [
      0.3299373177,
      0.35429190070000005,
      0.3346958587
    ],
    "exit_codes": [
      0,
      0,
      0
    ]
  },
  "rspackDev": {
    "command": "Rspack dev server startup",
    "mean": 0.13433333333333333,
    "stddev": 0.012552113589175153,
    "median": 0.127,
    "min": 0.124,
    "max": 0.152,
    "times": [
      0.152,
      0.127,
      0.124
    ],
    "exit_codes": [
      0,
      0,
      0
    ]
  },
  "rspackBuild": {
    "command": "npm run build",
    "mean": 0.9275491666466668,
    "stddev": 0.009007438986209988,
    "median": 0.9305144859800001,
    "user": 1.58210764,
    "system": 0.15470744,
    "min": 0.9174329029800001,
    "max": 0.93470011098,
    "times": [
      0.93470011098,
      0.9305144859800001,
      0.9174329029800001
    ],
    "exit_codes": [
      0,
      0,
      0
    ]
  },
  "webpackDev": {
    "command": "Webpack dev server startup",
    "mean": 0.36333333333333334,
    "stddev": 0.059873941651513884,
    "median": 0.322,
    "min": 0.32,
    "max": 0.448,
    "times": [
      0.448,
      0.322,
      0.32
    ],
    "exit_codes": [
      0,
      0,
      0
    ]
  },
  "webpackBuild": {
    "command": "npm run build",
    "mean": 1.11304183898,
    "stddev": 0.013620064952037766,
    "median": 1.1117352419800002,
    "user": 2.34333038,
    "system": 0.2356992,
    "min": 1.10012215798,
    "max": 1.12726811698,
    "times": [
      1.12726811698,
      1.1117352419800002,
      1.10012215798
    ],
    "exit_codes": [
      0,
      0,
      0
    ]
  }
}