{
  "viteDev": {
    "command": "Vite dev server startup",
    "mean": 0.11066666666666668,
    "stddev": 0.002357022603955158,
    "median": 0.109,
    "min": 0.109,
    "max": 0.114,
    "times": [
      0.109,
      0.114,
      0.109
    ],
    "exit_codes": [
      0,
      0,
      0
    ]
  },
  "viteBuild": {
    "command": "npm run build",
    "mean": 0.33735031456000003,
    "stddev": 0.0038556585720811738,
    "median": 0.33917692556,
    "user": 0.4048331,
    "system": 0.05757707333333334,
    "min": 0.33292080056,
    "max": 0.33995321756,
    "times": [
      0.33995321756,
      0.33292080056,
      0.33917692556
    ],
    "exit_codes": [
      0,
      0,
      0
    ]
  },
  "rspackDev": {
    "command": "Rspack dev server startup",
    "mean": 0.14066666666666666,
    "stddev": 0.010208928554075703,
    "median": 0.141,
    "min": 0.128,
    "max": 0.153,
    "times": [
      0.141,
      0.153,
      0.128
    ],
    "exit_codes": [
      0,
      0,
      0
    ]
  },
  "rspackBuild": {
    "command": "npm run build",
    "mean": 0.9390391443733334,
    "stddev": 0.008605650752088497,
    "median": 0.93787382504,
    "user": 1.5984567866666666,
    "system": 0.16034436666666665,
    "min": 0.9310755330400001,
    "max": 0.9481680750400001,
    "times": [
      0.93787382504,
      0.9310755330400001,
      0.9481680750400001
    ],
    "exit_codes": [
      0,
      0,
      0
    ]
  },
  "webpackDev": {
    "command": "Webpack dev server startup",
    "mean": 0.373,
    "stddev": 0.04439219150556398,
    "median": 0.359,
    "min": 0.327,
    "max": 0.433,
    "times": [
      0.433,
      0.327,
      0.359
    ],
    "exit_codes": [
      0,
      0,
      0
    ]
  },
  "webpackBuild": {
    "command": "npm run build",
    "mean": 1.1202522096333334,
    "stddev": 0.005576570764172539,
    "median": 1.1216882653,
    "user": 2.37133556,
    "system": 0.24371172,
    "min": 1.1140980573,
    "max": 1.1249703063,
    "times": [
      1.1249703063,
      1.1216882653,
      1.1140980573
    ],
    "exit_codes": [
      0,
      0,
      0
    ]
  }
}