{
  "viteDev": {
    "command": "Vite dev server startup",
    "mean": 0.10233333333333333,
    "stddev": 0.005436502143433363,
    "median": 0.099,
    "min": 0.098,
    "max": 0.11,
    "times": [
      0.11,
      0.098,
      0.099
    ],
    "exit_codes": [
      0,
      0,
      0
    ]
  },
  "viteBuild": {
    "command": "npm run build",
    "mean": 0.3391033983066667,
    "stddev": 0.00359487350354645,
    "median": 0.33865939764,
    "user": 0.40778358,
    "system": 0.056655859999999995,
    "min": 0.33575114864,
    "max": 0.34289964864,
    "times": [
      0.34289964864,
      0.33575114864,
      0.33865939764
    ],
    "exit_codes": [
      0,
      0,
      0
    ]
  },
  "rspackDev": {
    "command": "Rspack dev server startup",
    "mean": 0.13,
    "stddev": 0.002160246899469287,
    "median": 0.129,
    "min": 0.128,
    "max": 0.133,
    "times": [
      0.133,
      0.128,
      0.129
    ],
    "exit_codes": [
      0,
      0,
      0
    ]
  },
  "rspackBuild": {
    "command": "npm run build",
    "mean": 0.9433593886333332,
    "stddev": 0.0019962058461802643,
    "median": 0.9434651243000001,
    "user": 1.6074508266666665,
    "system": 0.15604624,
    "min": 0.9413124163000001,
    "max": 0.9453006253,
    "times": [
      0.9413124163000001,
      0.9434651243000001,
      0.9453006253
    ],
    "exit_codes": [
      0,
      0,
      0
    ]
  },
  "webpackDev": {
    "command": "Webpack dev server startup",
    "mean": 0.3273333333333333,
    "stddev": 0.002494438257849294,
    "median": 0.328,
    "min": 0.324,
    "max": 0.33,
    "times": [
      0.328,
      0.33,
      0.324
    ],
    "exit_codes": [
      0,
      0,
      0
    ]
  },
  "webpackBuild": {
    "command": "npm run build",
    "mean": 1.1368566718666664,
    "stddev": 0.019465469243767568,
    "median": 1.1384381021999999,
    "user": 2.38013458,
    "system": 0.2475718,
    "min": 1.1166487271999999,
    "max": 1.1554831862,
    "times": [
      1.1166487271999999,
      1.1384381021999999,
      1.1554831862
    ],
    "exit_codes": [
      0,
      0,
      0
    ]
  }
}