{
  "viteDev": {
    "command": "Vite dev server startup",
    "mean": 0.10366666666666667,
    "stddev": 0.008055363982396382,
    "median": 0.099,
    "min": 0.097,
    "max": 0.115,
    "times": [
      0.115,
      0.097,
      0.099
    ],
    "exit_codes": [
      0,
      0,
      0
    ]
  },
  "viteBuild": {
    "command": "npm run build",
    "mean": 0.349076608,
    "stddev": 0.0009643718644604764,
    "median": 0.348689122,
    "user": 0.40808903999999996,
    "system": 0.06168938666666666,
    "min": 0.348366247,
    "max": 0.350174455,
    "times": [
      0.350174455,
      0.348689122,
      0.348366247
    ],
    "exit_codes": [
      0,
      0,
      0
    ]
  },
  "rspackDev": {
    "command": "Rspack dev server startup",
    "mean": 0.134,
    "stddev": 0.005715476066494082,
    "median": 0.131,
    "min": 0.129,
    "max": 0.142,
    "times": [
      0.142,
      0.131,
      0.129
    ],
    "exit_codes": [
      0,
      0,
      0
    ]
  },
  "rspackBuild": {
    "command": "npm run build",
    "mean": 0.9862972787666667,
    "stddev": 0.03095814358211654,
    "median": 0.9700252921,
    "user": 1.6508473066666667,
    "system": 0.1774718133333333,
    "min": 0.9668683761000001,
    "max": 1.0219981680999999,
    "times": [
      1.0219981680999999,
      0.9700252921,
      0.9668683761000001
    ],
    "exit_codes": [
      0,
      0,
      0
    ]
  },
  "webpackDev": {
    "command": "Webpack dev server startup",
    "mean": 0.3696666666666667,
    "stddev": 0.05049972497174834,
    "median": 0.337,
    "min": 0.331,
    "max": 0.441,
    "times": [
      0.441,
      0.337,
      0.331
    ],
    "exit_codes": [
      0,
      0,
      0
    ]
  },
  "webpackBuild": {
    "command": "npm run build",
    "mean": 1.1496664818066666,
    "stddev": 0.015700397322582223,
    "median": 1.14606999514,
    "user": 2.3856676599999997,
    "system": 0.26511515999999996,
    "min": 1.13607637114,
    "max": 1.1668530791399998,
    "times": [
      1.1668530791399998,
      1.13607637114,
      1.14606999514
    ],
    "exit_codes": [
      0,
      0,
      0
    ]
  }
}