{
  "viteDev": {
    "command": "Vite dev server startup",
    "mean": 0.1,
    "stddev": 0.0032659863237109042,
    "median": 0.1,
    "min": 0.096,
    "max": 0.104,
    "times": [
      0.104,
      0.096,
      0.1
    ],
    "exit_codes": [
      0,
      0,
      0
    ]
  },
  "viteBuild": {
    "command": "npm run build",
    "mean": 0.3517330369066667,
    "stddev": 0.02277093114459334,
    "median": 0.34338871724000003,
    "user": 0.42104045999999995,
    "system": 0.060676433333333335,
    "min": 0.33431134224000003,
    "max": 0.37749905124000005,
    "times": [
      0.37749905124000005,
      0.33431134224000003,
      0.34338871724000003
    ],
    "exit_codes": [
      0,
      0,
      0
    ]
  },
  "rspackDev": {
    "command": "Rspack dev server startup",
    "mean": 0.13433333333333333,
    "stddev": 0.010402991022884823,
    "median": 0.128,
    "min": 0.126,
    "max": 0.149,
    "times": [
      0.149,
      0.128,
      0.126
    ],
    "exit_codes": [
      0,
      0,
      0
    ]
  },
  "rspackBuild": {
    "command": "npm run build",
    "mean": 0.9468176590133335,
    "stddev": 0.021081580043269935,
    "median": 0.9368726866800001,
    "user": 1.613376673333333,
    "system": 0.16209120666666668,
    "min": 0.9325481036800001,
    "max": 0.9710321866800001,
    "times": [
      0.9368726866800001,
      0.9325481036800001,
      0.9710321866800001
    ],
    "exit_codes": [
      0,
      0,
      0
    ]
  },
  "webpackDev": {
    "command": "Webpack dev server startup",
    "mean": 0.3586666666666667,
    "stddev": 0.04833448274495365,
    "median": 0.326,
    "min": 0.323,
    "max": 0.427,
    "times": [
      0.427,
      0.326,
      0.323
    ],
    "exit_codes": [
      0,
      0,
      0
    ]
  },
  "webpackBuild": {
    "command": "npm run build",
    "mean": 1.1183893549266666,
    "stddev": 0.015458017988651472,
    "median": 1.12063314626,
    "user": 2.3621945133333333,
    "system": 0.24197102,
    "min": 1.10193206326,
    "max": 1.13260285526,
    "times": [
      1.10193206326,
      1.13260285526,
      1.12063314626
    ],
    "exit_codes": [
      0,
      0,
      0
    ]
  }
}