{
  "viteDev": {
    "command": "Vite dev server startup",
    "mean": 0.1032,
    "stddev": 0.013919770113044252,
    "median": 0.097,
    "min": 0.095,
    "max": 0.131,
    "times": [
      0.131,
      0.097,
      0.097,
      0.096,
      0.095
    ],
    "exit_codes": [
      0,
      0,
      0,
      0,
      0
    ]
  },
  "viteBuild": {
    "command": "npm run build",
    "mean": 0.32670403728,
    "stddev": 0.0018911463903491747,
    "median": 0.32698313708000004,
    "user": 0.3974120199999999,
    "system": 0.05301098,
    "min": 0.32419222108,
    "max": 0.32939455408,
    "times": [
      0.32698313708000004,
      0.32593897008,
      0.32939455408,
      0.32419222108,
      0.32701130408
    ],
    "exit_codes": [
      0,
      0,
      0,
      0,
      0
    ]
  },
  "rspackDev": {
    "command": "Rspack dev server startup",
    "mean": 0.1396,
    "stddev": 0.023277456905770443,
    "median": 0.126,
    "min": 0.123,
    "max": 0.185,
    "times": [
      0.185,
      0.126,
      0.126,
      0.123,
      0.138
    ],
    "exit_codes": [
      0,
      0,
      0,
      0,
      0
    ]
  },
  "rspackBuild": {
    "command": "npm run build",
    "mean": 0.8992740349000001,
    "stddev": 0.0037128663968942345,
    "median": 0.8999855597000002,
    "user": 1.5486148,
    "system": 0.14703626,
    "min": 0.8943177267000001,
    "max": 0.9041649347000001,
    "times": [
      0.8999855597000002,
      0.8943177267000001,
      0.8972275187000001,
      0.9041649347000001,
      0.9006744347000001
    ],
    "exit_codes": [
      0,
      0,
      0,
      0,
      0
    ]
  },
  "webpackDev": {
    "command": "Webpack dev server startup",
    "mean": 0.3404,
    "stddev": 0.04783555163265079,
    "median": 0.318,
    "min": 0.314,
    "max": 0.436,
    "times": [
      0.436,
      0.315,
      0.319,
      0.314,
      0.318
    ],
    "exit_codes": [
      0,
      0,
      0,
      0,
      0
    ]
  },
  "webpackBuild": {
    "command": "npm run build",
    "mean": 1.1026984441799998,
    "stddev": 0.010038135925588464,
    "median": 1.10235181118,
    "user": 2.3402105,
    "system": 0.23446547999999998,
    "min": 1.08922993618,
    "max": 1.1171274361799999,
    "times": [
      1.08922993618,
      1.1049558521799998,
      1.1171274361799999,
      1.10235181118,
      1.0998271851799999
    ],
    "exit_codes": [
      0,
      0,
      0,
      0,
      0
    ]
  }
}