{
  "viteDev": {
    "command": "Vite dev server startup",
    "mean": 0.09933333333333333,
    "stddev": 0.003681787005729087,
    "median": 0.099,
    "min": 0.095,
    "max": 0.104,
    "times": [
      0.104,
      0.099,
      0.095
    ],
    "exit_codes": [
      0,
      0,
      0
    ]
  },
  "viteBuild": {
    "command": "npm run build",
    "mean": 0.37070368072666665,
    "stddev": 0.041455309090960187,
    "median": 0.35696954206,
    "user": 0.43047401333333335,
    "system": 0.06612436666666667,
    "min": 0.33785837506,
    "max": 0.41728312506,
    "times": [
      0.33785837506,
      0.41728312506,
      0.35696954206
    ],
    "exit_codes": [
      0,
      0,
      0
    ]
  },
  "rspackDev": {
    "command": "Rspack dev server startup",
    "mean": 0.13666666666666666,
    "stddev": 0.0032998316455372222,
    "median": 0.136,
    "min": 0.133,
    "max": 0.141,
    "times": [
      0.136,
      0.133,
      0.141
    ],
    "exit_codes": [
      0,
      0,
      0
    ]
  },
  "rspackBuild": {
    "command": "npm run build",
    "mean": 0.9766746701533333,
    "stddev": 0.01930991867533556,
    "median": 0.97602289282,
    "user": 1.63964464,
    "system": 0.17475282666666667,
    "min": 0.95769889182,
    "max": 0.9963022258199999,
    "times": [
      0.9963022258199999,
      0.97602289282,
      0.95769889182
    ],
    "exit_codes": [
      0,
      0,
      0
    ]
  },
  "webpackDev": {
    "command": "Webpack dev server startup",
    "mean": 0.3706666666666667,
    "stddev": 0.05539153565502786,
    "median": 0.332,
    "min": 0.331,
    "max": 0.449,
    "times": [
      0.449,
      0.332,
      0.331
    ],
    "exit_codes": [
      0,
      0,
      0
    ]
  },
  "webpackBuild": {
    "command": "npm run build",
    "mean": 1.1417131338666666,
    "stddev": 0.00815661974604432,
    "median": 1.1432762732,
    "user": 2.37362032,
    "system": 0.25439898,
    "min": 1.1328880641999999,
    "max": 1.1489750641999998,
    "times": [
      1.1328880641999999,
      1.1432762732,
      1.1489750641999998
    ],
    "exit_codes": [
      0,
      0,
      0
    ]
  }
}