{
  "viteDev": {
    "command": "Vite dev server startup",
    "mean": 0.10233333333333333,
    "stddev": 0.005792715732327589,
    "median": 0.101,
    "min": 0.096,
    "max": 0.11,
    "times": [
      0.11,
      0.096,
      0.101
    ],
    "exit_codes": [
      0,
      0,
      0
    ]
  },
  "viteBuild": {
    "command": "npm run build",
    "mean": 0.34229373516,
    "stddev": 0.005874005035639043,
    "median": 0.34153808216000003,
    "user": 0.40754297333333334,
    "system": 0.06026965333333333,
    "min": 0.33683412416,
    "max": 0.34850899916,
    "times": [
      0.33683412416,
      0.34153808216000003,
      0.34850899916
    ],
    "exit_codes": [
      0,
      0,
      0
    ]
  },
  "rspackDev": {
    "command": "Rspack dev server startup",
    "mean": 0.13166666666666665,
    "stddev": 0.004642796092394706,
    "median": 0.13,
    "min": 0.127,
    "max": 0.138,
    "times": [
      0.138,
      0.13,
      0.127
    ],
    "exit_codes": [
      0,
      0,
      0
    ]
  },
  "rspackBuild": {
    "command": "npm run build",
    "mean": 0.9555674354333333,
    "stddev": 0.003529197486408851,
    "median": 0.9571672411000001,
    "user": 1.6168089733333335,
    "system": 0.16367994666666666,
    "min": 0.9515216581,
    "max": 0.9580134071,
    "times": [
      0.9571672411000001,
      0.9580134071,
      0.9515216581
    ],
    "exit_codes": [
      0,
      0,
      0
    ]
  },
  "webpackDev": {
    "command": "Webpack dev server startup",
    "mean": 0.3506666666666667,
    "stddev": 0.012657891697365017,
    "median": 0.357,
    "min": 0.333,
    "max": 0.362,
    "times": [
      0.362,
      0.357,
      0.333
    ],
    "exit_codes": [
      0,
      0,
      0
    ]
  },
  "webpackBuild": {
    "command": "npm run build",
    "mean": 1.1334047771933333,
    "stddev": 0.008107535283490685,
    "median": 1.1287367078600001,
    "user": 2.3636098199999993,
    "system": 0.2520887866666666,
    "min": 1.12871108286,
    "max": 1.14276654086,
    "times": [
      1.1287367078600001,
      1.12871108286,
      1.14276654086
    ],
    "exit_codes": [
      0,
      0,
      0
    ]
  }
}