{
  "viteDev": {
    "command": "Vite dev server startup",
    "mean": 0.10533333333333333,
    "stddev": 0.004496912521077347,
    "median": 0.105,
    "min": 0.1,
    "max": 0.111,
    "times": [
      0.111,
      0.105,
      0.1
    ],
    "exit_codes": [
      0,
      0,
      0
    ]
  },
  "viteBuild": {
    "command": "npm run build",
    "mean": 0.34139072377333335,
    "stddev": 0.0029267655072148097,
    "median": 0.34195480744000006,
    "user": 0.4034620533333333,
    "system": 0.06099309333333333,
    "min": 0.33822297344,
    "max": 0.34399439044,
    "times": [
      0.33822297344,
      0.34399439044,
      0.34195480744000006
    ],
    "exit_codes": [
      0,
      0,
      0
    ]
  },
  "rspackDev": {
    "command": "Rspack dev server startup",
    "mean": 0.13733333333333334,
    "stddev": 0.004988876515698588,
    "median": 0.136,
    "min": 0.132,
    "max": 0.144,
    "times": [
      0.136,
      0.132,
      0.144
    ],
    "exit_codes": [
      0,
      0,
      0
    ]
  },
  "rspackBuild": {
    "command": "npm run build",
    "mean": 0.9947254287399999,
    "stddev": 0.02152181401796145,
    "median": 1.00253233174,
    "user": 1.6621146066666668,
    "system": 0.18304052,
    "min": 0.9703897067400001,
    "max": 1.01125424774,
    "times": [
      1.01125424774,
      1.00253233174,
      0.9703897067400001
    ],
    "exit_codes": [
      0,
      0,
      0
    ]
  },
  "webpackDev": {
    "command": "Webpack dev server startup",
    "mean": 0.3676666666666667,
    "stddev": 0.05049972497174834,
    "median": 0.335,
    "min": 0.329,
    "max": 0.439,
    "times": [
      0.439,
      0.329,
      0.335
    ],
    "exit_codes": [
      0,
      0,
      0
    ]
  },
  "webpackBuild": {
    "command": "npm run build",
    "mean": 1.1451863195400003,
    "stddev": 0.008847812585900885,
    "median": 1.14459913854,
    "user": 2.39087416,
    "system": 0.2608099133333333,
    "min": 1.13664672254,
    "max": 1.15431309754,
    "times": [
      1.15431309754,
      1.13664672254,
      1.14459913854
    ],
    "exit_codes": [
      0,
      0,
      0
    ]
  }
}