{
  "viteDev": {
    "command": "Vite dev server startup",
    "mean": 0.10679999999999999,
    "stddev": 0.00926066952223218,
    "median": 0.103,
    "min": 0.1,
    "max": 0.125,
    "times": [
      0.125,
      0.1,
      0.103,
      0.105,
      0.101
    ],
    "exit_codes": [
      0,
      0,
      0,
      0,
      0
    ]
  },
  "viteBuild": {
    "command": "npm run build",
    "mean": 0.34871350262,
    "stddev": 0.014460608728067287,
    "median": 0.35100547782,
    "user": 0.42278346000000006,
    "system": 0.057284800000000004,
    "min": 0.32722514382,
    "max": 0.36749564482,
    "times": [
      0.32722514382,
      0.35100547782,
      0.35179981082,
      0.36749564482,
      0.34604143582
    ],
    "exit_codes": [
      0,
      0,
      0,
      0,
      0
    ]
  },
  "rspackDev": {
    "command": "Rspack dev server startup",
    "mean": 0.1616,
    "stddev": 0.04145648320829928,
    "median": 0.142,
    "min": 0.136,
    "max": 0.244,
    "times": [
      0.244,
      0.142,
      0.149,
      0.136,
      0.137
    ],
    "exit_codes": [
      0,
      0,
      0,
      0,
      0
    ]
  },
  "rspackBuild": {
    "command": "npm run build",
    "mean": 0.9832552410600002,
    "stddev": 0.03345638522629716,
    "median": 0.98019208286,
    "user": 1.72430692,
    "system": 0.19075784,
    "min": 0.9507548748600001,
    "max": 1.0382759158600001,
    "times": [
      0.98340333286,
      1.0382759158600001,
      0.96364999886,
      0.9507548748600001,
      0.98019208286
    ],
    "exit_codes": [
      0,
      0,
      0,
      0,
      0
    ]
  },
  "webpackDev": {
    "command": "Webpack dev server startup",
    "mean": 0.3738,
    "stddev": 0.06122548488987246,
    "median": 0.336,
    "min": 0.315,
    "max": 0.457,
    "times": [
      0.439,
      0.457,
      0.322,
      0.336,
      0.315
    ],
    "exit_codes": [
      0,
      0,
      0,
      0,
      0
    ]
  },
  "webpackBuild": {
    "command": "npm run build",
    "mean": 1.0886844757,
    "stddev": 0.00455447923968047,
    "median": 1.0884959754999999,
    "user": 2.31943662,
    "system": 0.22865056,
    "min": 1.0846216425,
    "max": 1.0958253924999999,
    "times": [
      1.0884959754999999,
      1.0846216425,
      1.0958253924999999,
      1.0896128084999999,
      1.0848665595
    ],
    "exit_codes": [
      0,
      0,
      0,
      0,
      0
    ]
  }
}