{
  "viteDev": {
    "command": "Vite dev server startup",
    "mean": 0.09933333333333333,
    "stddev": 0.00402768199119819,
    "median": 0.097,
    "min": 0.096,
    "max": 0.105,
    "times": [
      0.105,
      0.097,
      0.096
    ],
    "exit_codes": [
      0,
      0,
      0
    ]
  },
  "viteBuild": {
    "command": "npm run build",
    "mean": 0.34106156756666667,
    "stddev": 0.0032162989962138773,
    "median": 0.34112753990000005,
    "user": 0.40546472666666666,
    "system": 0.05969258666666666,
    "min": 0.3378127899,
    "max": 0.34424437290000004,
    "times": [
      0.34424437290000004,
      0.3378127899,
      0.34112753990000005
    ],
    "exit_codes": [
      0,
      0,
      0
    ]
  },
  "rspackDev": {
    "command": "Rspack dev server startup",
    "mean": 0.13766666666666666,
    "stddev": 0.006847546194724712,
    "median": 0.142,
    "min": 0.128,
    "max": 0.143,
    "times": [
      0.142,
      0.128,
      0.143
    ],
    "exit_codes": [
      0,
      0,
      0
    ]
  },
  "rspackBuild": {
    "command": "npm run build",
    "mean": 0.96412316186,
    "stddev": 0.008431497782243495,
    "median": 0.96744506486,
    "user": 1.6257103,
    "system": 0.16471546,
    "min": 0.9545366898600001,
    "max": 0.9703877308600001,
    "times": [
      0.9703877308600001,
      0.96744506486,
      0.9545366898600001
    ],
    "exit_codes": [
      0,
      0,
      0
    ]
  },
  "webpackDev": {
    "command": "Webpack dev server startup",
    "mean": 0.416,
    "stddev": 0.047588514020367,
    "median": 0.444,
    "min": 0.349,
    "max": 0.455,
    "times": [
      0.455,
      0.444,
      0.349
    ],
    "exit_codes": [
      0,
      0,
      0
    ]
  },
  "webpackBuild": {
    "command": "npm run build",
    "mean": 1.2280822248599998,
    "stddev": 0.06901565193944795,
    "median": 1.2501256268599998,
    "user": 2.4408304600000004,
    "system": 0.28488465333333335,
    "min": 1.15073762786,
    "max": 1.28338341986,
    "times": [
      1.28338341986,
      1.15073762786,
      1.2501256268599998
    ],
    "exit_codes": [
      0,
      0,
      0
    ]
  }
}