{
  "viteDev": {
    "command": "Vite dev server startup",
    "mean": 0.1006,
    "stddev": 0.01470510115572144,
    "median": 0.093,
    "min": 0.093,
    "max": 0.13,
    "times": [
      0.13,
      0.093,
      0.093,
      0.094,
      0.093
    ],
    "exit_codes": [
      0,
      0,
      0,
      0,
      0
    ]
  },
  "viteBuild": {
    "command": "npm run build",
    "mean": 0.32806086942,
    "stddev": 0.001139840651716595,
    "median": 0.32802903662,
    "user": 0.39626948000000006,
    "system": 0.05269704000000001,
    "min": 0.32640395262,
    "max": 0.32936816062,
    "times": [
      0.32802903662,
      0.32882986962,
      0.32767332762,
      0.32936816062,
      0.32640395262
    ],
    "exit_codes": [
      0,
      0,
      0,
      0,
      0
    ]
  },
  "rspackDev": {
    "command": "Rspack dev server startup",
    "mean": 0.1368,
    "stddev": 0.021609257275528933,
    "median": 0.126,
    "min": 0.125,
    "max": 0.18,
    "times": [
      0.18,
      0.125,
      0.127,
      0.126,
      0.126
    ],
    "exit_codes": [
      0,
      0,
      0,
      0,
      0
    ]
  },
  "rspackBuild": {
    "command": "npm run build",
    "mean": 0.89766253414,
    "stddev": 0.00901143907132105,
    "median": 0.89721018414,
    "user": 1.5406427400000002,
    "system": 0.15154937999999998,
    "min": 0.88815118414,
    "max": 0.91048147614,
    "times": [
      0.89050114214,
      0.88815118414,
      0.89721018414,
      0.90196868414,
      0.91048147614
    ],
    "exit_codes": [
      0,
      0,
      0,
      0,
      0
    ]
  },
  "webpackDev": {
    "command": "Webpack dev server startup",
    "mean": 0.3448,
    "stddev": 0.051611626597114726,
    "median": 0.32,
    "min": 0.317,
    "max": 0.448,
    "times": [
      0.448,
      0.32,
      0.317,
      0.319,
      0.32
    ],
    "exit_codes": [
      0,
      0,
      0,
      0,
      0
    ]
  },
  "webpackBuild": {
    "command": "npm run build",
    "mean": 1.08309482762,
    "stddev": 0.005435177166412679,
    "median": 1.08517114482,
    "user": 2.3159481799999995,
    "system": 0.23105796,
    "min": 1.07341443582,
    "max": 1.08626097782,
    "times": [
      1.08568218582,
      1.08517114482,
      1.08626097782,
      1.08494539382,
      1.07341443582
    ],
    "exit_codes": [
      0,
      0,
      0,
      0,
      0
    ]
  }
}