{
  "viteDev": {
    "command": "Vite dev server startup",
    "mean": 0.09966666666666667,
    "stddev": 0.0037712361663282535,
    "median": 0.097,
    "min": 0.097,
    "max": 0.105,
    "times": [
      0.105,
      0.097,
      0.097
    ],
    "exit_codes": [
      0,
      0,
      0
    ]
  },
  "viteBuild": {
    "command": "npm run build",
    "mean": 0.33493775814,
    "stddev": 0.003492504903464985,
    "median": 0.33449460514,
    "user": 0.4024567666666667,
    "system": 0.05527526666666666,
    "min": 0.33168798014,
    "max": 0.33863068914,
    "times": [
      0.33168798014,
      0.33449460514,
      0.33863068914
    ],
    "exit_codes": [
      0,
      0,
      0
    ]
  },
  "rspackDev": {
    "command": "Rspack dev server startup",
    "mean": 0.13066666666666665,
    "stddev": 0.0037712361663282535,
    "median": 0.128,
    "min": 0.128,
    "max": 0.136,
    "times": [
      0.128,
      0.136,
      0.128
    ],
    "exit_codes": [
      0,
      0,
      0
    ]
  },
  "rspackBuild": {
    "command": "npm run build",
    "mean": 0.9666577437733334,
    "stddev": 0.02343237348169668,
    "median": 0.9554657024400001,
    "user": 1.6312109,
    "system": 0.1715538533333333,
    "min": 0.95091999344,
    "max": 0.99358753544,
    "times": [
      0.99358753544,
      0.95091999344,
      0.9554657024400001
    ],
    "exit_codes": [
      0,
      0,
      0
    ]
  },
  "webpackDev": {
    "command": "Webpack dev server startup",
    "mean": 0.371,
    "stddev": 0.05798850460795369,
    "median": 0.331,
    "min": 0.329,
    "max": 0.453,
    "times": [
      0.453,
      0.329,
      0.331
    ],
    "exit_codes": [
      0,
      0,
      0
    ]
  },
  "webpackBuild": {
    "command": "npm run build",
    "mean": 1.1168966464933332,
    "stddev": 0.008613796890342473,
    "median": 1.11935917416,
    "user": 2.366519533333333,
    "system": 0.23660745333333333,
    "min": 1.10731975716,
    "max": 1.1240110081599999,
    "times": [
      1.11935917416,
      1.1240110081599999,
      1.10731975716
    ],
    "exit_codes": [
      0,
      0,
      0
    ]
  }
}