{
  "viteDev": {
    "command": "Vite dev server startup",
    "mean": 0.1,
    "stddev": 0.006377042156569663,
    "median": 0.096,
    "min": 0.095,
    "max": 0.109,
    "times": [
      0.109,
      0.095,
      0.096
    ],
    "exit_codes": [
      0,
      0,
      0
    ]
  },
  "viteBuild": {
    "command": "npm run build",
    "mean": 0.33642196218,
    "stddev": 0.004912665313578868,
    "median": 0.33459864218,
    "user": 0.4013651866666667,
    "system": 0.05473913999999999,
    "min": 0.33268164318,
    "max": 0.34198560118,
    "times": [
      0.33268164318,
      0.33459864218,
      0.34198560118
    ],
    "exit_codes": [
      0,
      0,
      0
    ]
  },
  "rspackDev": {
    "command": "Rspack dev server startup",
    "mean": 0.13066666666666665,
    "stddev": 0.0020548046676563255,
    "median": 0.131,
    "min": 0.128,
    "max": 0.133,
    "times": [
      0.133,
      0.128,
      0.131
    ],
    "exit_codes": [
      0,
      0,
      0
    ]
  },
  "rspackBuild": {
    "command": "npm run build",
    "mean": 0.9341165792,
    "stddev": 0.005438264357565193,
    "median": 0.9361990372000001,
    "user": 1.5909348133333332,
    "system": 0.16258754666666667,
    "min": 0.9279448292000001,
    "max": 0.9382058712000001,
    "times": [
      0.9361990372000001,
      0.9382058712000001,
      0.9279448292000001
    ],
    "exit_codes": [
      0,
      0,
      0
    ]
  },
  "webpackDev": {
    "command": "Webpack dev server startup",
    "mean": 0.3683333333333333,
    "stddev": 0.05703994701571483,
    "median": 0.328,
    "min": 0.328,
    "max": 0.449,
    "times": [
      0.449,
      0.328,
      0.328
    ],
    "exit_codes": [
      0,
      0,
      0
    ]
  },
  "webpackBuild": {
    "command": "npm run build",
    "mean": 1.1418385046400001,
    "stddev": 0.03764483524859186,
    "median": 1.1343806846400002,
    "user": 2.4184562266666667,
    "system": 0.24936110666666667,
    "min": 1.10848076864,
    "max": 1.1826540606400002,
    "times": [
      1.1343806846400002,
      1.1826540606400002,
      1.10848076864
    ],
    "exit_codes": [
      0,
      0,
      0
    ]
  }
}