{
  "viteDev": {
    "command": "Vite dev server startup",
    "mean": 0.10266666666666667,
    "stddev": 0.0066499791144200016,
    "median": 0.099,
    "min": 0.097,
    "max": 0.112,
    "times": [
      0.112,
      0.099,
      0.097
    ],
    "exit_codes": [
      0,
      0,
      0
    ]
  },
  "viteBuild": {
    "command": "npm run build",
    "mean": 0.34289444391999996,
    "stddev": 0.0014983842224085922,
    "median": 0.34217155492,
    "user": 0.40991704,
    "system": 0.060276939999999994,
    "min": 0.34189455492,
    "max": 0.34461722192,
    "times": [
      0.34189455492,
      0.34461722192,
      0.34217155492
    ],
    "exit_codes": [
      0,
      0,
      0
    ]
  },
  "rspackDev": {
    "command": "Rspack dev server startup",
    "mean": 0.13433333333333333,
    "stddev": 0.006128258770283411,
    "median": 0.13,
    "min": 0.13,
    "max": 0.143,
    "times": [
      0.143,
      0.13,
      0.13
    ],
    "exit_codes": [
      0,
      0,
      0
    ]
  },
  "rspackBuild": {
    "command": "npm run build",
    "mean": 0.9794692051933334,
    "stddev": 0.026391088024566477,
    "median": 0.97268913586,
    "user": 1.6298162199999997,
    "system": 0.17560746000000002,
    "min": 0.9571296358600001,
    "max": 1.00858884386,
    "times": [
      1.00858884386,
      0.97268913586,
      0.9571296358600001
    ],
    "exit_codes": [
      0,
      0,
      0
    ]
  },
  "webpackDev": {
    "command": "Webpack dev server startup",
    "mean": 0.386,
    "stddev": 0.08132650244538984,
    "median": 0.33,
    "min": 0.327,
    "max": 0.501,
    "times": [
      0.501,
      0.33,
      0.327
    ],
    "exit_codes": [
      0,
      0,
      0
    ]
  },
  "webpackBuild": {
    "command": "npm run build",
    "mean": 1.1668590314733336,
    "stddev": 0.03699166686103165,
    "median": 1.1546016701400001,
    "user": 2.4256936066666666,
    "system": 0.26704157999999995,
    "min": 1.1375518371400002,
    "max": 1.2084235871400002,
    "times": [
      1.1546016701400001,
      1.1375518371400002,
      1.2084235871400002
    ],
    "exit_codes": [
      0,
      0,
      0
    ]
  }
}