{
  "viteDev": {
    "command": "Vite dev server startup",
    "mean": 0.112,
    "stddev": 0.012553883861180172,
    "median": 0.105,
    "min": 0.105,
    "max": 0.137,
    "times": [
      0.137,
      0.108,
      0.105,
      0.105,
      0.105
    ],
    "exit_codes": [
      0,
      0,
      0,
      0,
      0
    ]
  },
  "viteBuild": {
    "command": "npm run build",
    "mean": 0.33153378844000003,
    "stddev": 0.004942776466336324,
    "median": 0.33078948064,
    "user": 0.40526371999999994,
    "system": 0.053688040000000006,
    "min": 0.32552518864,
    "max": 0.33909185464,
    "times": [
      0.32552518864,
      0.33078948064,
      0.33247627164000004,
      0.33909185464,
      0.32978614664000006
    ],
    "exit_codes": [
      0,
      0,
      0,
      0,
      0
    ]
  },
  "rspackDev": {
    "command": "Rspack dev server startup",
    "mean": 0.12919999999999998,
    "stddev": 0.007467261881037788,
    "median": 0.126,
    "min": 0.124,
    "max": 0.144,
    "times": [
      0.144,
      0.124,
      0.127,
      0.125,
      0.126
    ],
    "exit_codes": [
      0,
      0,
      0,
      0,
      0
    ]
  },
  "rspackBuild": {
    "command": "npm run build",
    "mean": 0.9373197881800002,
    "stddev": 0.02498408407313917,
    "median": 0.9432088043800001,
    "user": 1.5929439999999997,
    "system": 0.1632307,
    "min": 0.89850484638,
    "max": 0.96313488838,
    "times": [
      0.96313488838,
      0.9293896383800001,
      0.9432088043800001,
      0.9523607633800001,
      0.89850484638
    ],
    "exit_codes": [
      0,
      0,
      0,
      0,
      0
    ]
  },
  "webpackDev": {
    "command": "Webpack dev server startup",
    "mean": 0.365,
    "stddev": 0.06357672530100933,
    "median": 0.322,
    "min": 0.313,
    "max": 0.475,
    "times": [
      0.475,
      0.399,
      0.322,
      0.316,
      0.313
    ],
    "exit_codes": [
      0,
      0,
      0,
      0,
      0
    ]
  },
  "webpackBuild": {
    "command": "npm run build",
    "mean": 1.1062090770400002,
    "stddev": 0.02111980866008423,
    "median": 1.0943082270400002,
    "user": 2.35268646,
    "system": 0.24383404,
    "min": 1.08773231004,
    "max": 1.13497422704,
    "times": [
      1.1223846020400001,
      1.13497422704,
      1.0916460190400001,
      1.0943082270400002,
      1.08773231004
    ],
    "exit_codes": [
      0,
      0,
      0,
      0,
      0
    ]
  }
}