{
  "viteDev": {
    "command": "Vite dev server startup",
    "mean": 0.09933333333333333,
    "stddev": 0.00339934634239519,
    "median": 0.098,
    "min": 0.096,
    "max": 0.104,
    "times": [
      0.104,
      0.096,
      0.098
    ],
    "exit_codes": [
      0,
      0,
      0
    ]
  },
  "viteBuild": {
    "command": "npm run build",
    "mean": 0.34730035152,
    "stddev": 0.004141681618493036,
    "median": 0.34608233752,
    "user": 0.40387907333333334,
    "system": 0.06328845333333333,
    "min": 0.34390425452,
    "max": 0.35191446252,
    "times": [
      0.34608233752,
      0.35191446252,
      0.34390425452
    ],
    "exit_codes": [
      0,
      0,
      0
    ]
  },
  "rspackDev": {
    "command": "Rspack dev server startup",
    "mean": 0.13633333333333333,
    "stddev": 0.006342099196813483,
    "median": 0.134,
    "min": 0.13,
    "max": 0.145,
    "times": [
      0.145,
      0.134,
      0.13
    ],
    "exit_codes": [
      0,
      0,
      0
    ]
  },
  "rspackBuild": {
    "command": "npm run build",
    "mean": 0.9806736382533333,
    "stddev": 0.025025538109191527,
    "median": 0.9829735969200001,
    "user": 1.6201109599999999,
    "system": 0.17620081333333334,
    "min": 0.95457751292,
    "max": 1.00446980492,
    "times": [
      1.00446980492,
      0.95457751292,
      0.9829735969200001
    ],
    "exit_codes": [
      0,
      0,
      0
    ]
  },
  "webpackDev": {
    "command": "Webpack dev server startup",
    "mean": 0.373,
    "stddev": 0.05162040940041707,
    "median": 0.337,
    "min": 0.336,
    "max": 0.446,
    "times": [
      0.446,
      0.337,
      0.336
    ],
    "exit_codes": [
      0,
      0,
      0
    ]
  },
  "webpackBuild": {
    "command": "npm run build",
    "mean": 1.1450499334333333,
    "stddev": 0.004518776045740827,
    "median": 1.1455814470999999,
    "user": 2.3701822466666664,
    "system": 0.25924408,
    "min": 1.1402889060999999,
    "max": 1.1492794471,
    "times": [
      1.1455814470999999,
      1.1402889060999999,
      1.1492794471
    ],
    "exit_codes": [
      0,
      0,
      0
    ]
  }
}