{
  "viteDev": {
    "command": "Vite dev server startup",
    "mean": 0.09966666666666667,
    "stddev": 0.0037712361663282535,
    "median": 0.097,
    "min": 0.097,
    "max": 0.105,
    "times": [
      0.105,
      0.097,
      0.097
    ],
    "exit_codes": [
      0,
      0,
      0
    ]
  },
  "viteBuild": {
    "command": "npm run build",
    "mean": 0.3419433311533333,
    "stddev": 0.0010001363223192553,
    "median": 0.34219237282,
    "user": 0.4040722333333333,
    "system": 0.06033797333333333,
    "min": 0.34084220582,
    "max": 0.34279541482,
    "times": [
      0.34084220582,
      0.34279541482,
      0.34219237282
    ],
    "exit_codes": [
      0,
      0,
      0
    ]
  },
  "rspackDev": {
    "command": "Rspack dev server startup",
    "mean": 0.13166666666666665,
    "stddev": 0.0032998316455372222,
    "median": 0.134,
    "min": 0.127,
    "max": 0.134,
    "times": [
      0.134,
      0.134,
      0.127
    ],
    "exit_codes": [
      0,
      0,
      0
    ]
  },
  "rspackBuild": {
    "command": "npm run build",
    "mean": 1.0426996611733335,
    "stddev": 0.0607838932345305,
    "median": 1.02386677184,
    "user": 1.7017612399999997,
    "system": 0.21012190666666664,
    "min": 0.99356123084,
    "max": 1.11067098084,
    "times": [
      1.11067098084,
      1.02386677184,
      0.99356123084
    ],
    "exit_codes": [
      0,
      0,
      0
    ]
  },
  "webpackDev": {
    "command": "Webpack dev server startup",
    "mean": 0.3723333333333333,
    "stddev": 0.059162675921751735,
    "median": 0.331,
    "min": 0.33,
    "max": 0.456,
    "times": [
      0.456,
      0.33,
      0.331
    ],
    "exit_codes": [
      0,
      0,
      0
    ]
  },
  "webpackBuild": {
    "command": "npm run build",
    "mean": 1.1297504940933332,
    "stddev": 0.005731748888803222,
    "median": 1.13266475776,
    "user": 2.3561222933333332,
    "system": 0.24979555333333334,
    "min": 1.12314717476,
    "max": 1.13343954976,
    "times": [
      1.13266475776,
      1.13343954976,
      1.12314717476
    ],
    "exit_codes": [
      0,
      0,
      0
    ]
  }
}