{
  "viteDev": {
    "command": "Vite dev server startup",
    "mean": 0.11266666666666666,
    "stddev": 0.0069442222186665535,
    "median": 0.116,
    "min": 0.103,
    "max": 0.119,
    "times": [
      0.116,
      0.103,
      0.119
    ],
    "exit_codes": [
      0,
      0,
      0
    ]
  },
  "viteBuild": {
    "command": "npm run build",
    "mean": 0.35324040104000004,
    "stddev": 0.009966487749526564,
    "median": 0.34773241504,
    "user": 0.41687125999999997,
    "system": 0.06485725999999999,
    "min": 0.34724354004,
    "max": 0.36474524804,
    "times": [
      0.36474524804,
      0.34773241504,
      0.34724354004
    ],
    "exit_codes": [
      0,
      0,
      0
    ]
  },
  "rspackDev": {
    "command": "Rspack dev server startup",
    "mean": 0.13666666666666666,
    "stddev": 0.00805536398239638,
    "median": 0.132,
    "min": 0.13,
    "max": 0.148,
    "times": [
      0.148,
      0.132,
      0.13
    ],
    "exit_codes": [
      0,
      0,
      0
    ]
  },
  "rspackBuild": {
    "command": "npm run build",
    "mean": 0.9760696167666668,
    "stddev": 0.013876884794435882,
    "median": 0.9692963391000001,
    "user": 1.6414487733333332,
    "system": 0.17737860666666663,
    "min": 0.9668800891000001,
    "max": 0.9920324221000001,
    "times": [
      0.9920324221000001,
      0.9668800891000001,
      0.9692963391000001
    ],
    "exit_codes": [
      0,
      0,
      0
    ]
  },
  "webpackDev": {
    "command": "Webpack dev server startup",
    "mean": 0.3763333333333333,
    "stddev": 0.05807083796728116,
    "median": 0.343,
    "min": 0.328,
    "max": 0.458,
    "times": [
      0.458,
      0.343,
      0.328
    ],
    "exit_codes": [
      0,
      0,
      0
    ]
  },
  "webpackBuild": {
    "command": "npm run build",
    "mean": 1.19764374896,
    "stddev": 0.05443156565812456,
    "median": 1.16856910996,
    "user": 2.4612825,
    "system": 0.28088272,
    "min": 1.16392348496,
    "max": 1.2604386519600002,
    "times": [
      1.16392348496,
      1.2604386519600002,
      1.16856910996
    ],
    "exit_codes": [
      0,
      0,
      0
    ]
  }
}