{
  "viteDev": {
    "command": "Vite dev server startup",
    "mean": 0.10333333333333333,
    "stddev": 0.0055577773335110225,
    "median": 0.101,
    "min": 0.098,
    "max": 0.111,
    "times": [
      0.111,
      0.101,
      0.098
    ],
    "exit_codes": [
      0,
      0,
      0
    ]
  },
  "viteBuild": {
    "command": "npm run build",
    "mean": 0.33900578851333335,
    "stddev": 0.0008704183177049699,
    "median": 0.33860746918,
    "user": 0.40198095333333334,
    "system": 0.05914286666666666,
    "min": 0.33840580218000005,
    "max": 0.34000409418000005,
    "times": [
      0.34000409418000005,
      0.33840580218000005,
      0.33860746918
    ],
    "exit_codes": [
      0,
      0,
      0
    ]
  },
  "rspackDev": {
    "command": "Rspack dev server startup",
    "mean": 0.136,
    "stddev": 0.005715476066494082,
    "median": 0.136,
    "min": 0.129,
    "max": 0.143,
    "times": [
      0.143,
      0.136,
      0.129
    ],
    "exit_codes": [
      0,
      0,
      0
    ]
  },
  "rspackBuild": {
    "command": "npm run build",
    "mean": 0.9577043649533333,
    "stddev": 0.010487352301914514,
    "median": 0.96234015662,
    "user": 1.61287042,
    "system": 0.16830699333333335,
    "min": 0.9456979896200001,
    "max": 0.96507494862,
    "times": [
      0.96507494862,
      0.9456979896200001,
      0.96234015662
    ],
    "exit_codes": [
      0,
      0,
      0
    ]
  },
  "webpackDev": {
    "command": "Webpack dev server startup",
    "mean": 0.3783333333333333,
    "stddev": 0.06920661496963679,
    "median": 0.335,
    "min": 0.324,
    "max": 0.476,
    "times": [
      0.476,
      0.324,
      0.335
    ],
    "exit_codes": [
      0,
      0,
      0
    ]
  },
  "webpackBuild": {
    "command": "npm run build",
    "mean": 1.1423073264266665,
    "stddev": 0.011670266250670734,
    "median": 1.1483485627599999,
    "user": 2.3696524733333333,
    "system": 0.2518656333333333,
    "min": 1.12885489576,
    "max": 1.1497185207599998,
    "times": [
      1.12885489576,
      1.1483485627599999,
      1.1497185207599998
    ],
    "exit_codes": [
      0,
      0,
      0
    ]
  }
}