{
  "viteDev": {
    "command": "Vite dev server startup",
    "mean": 0.10033333333333333,
    "stddev": 0.00339934634239519,
    "median": 0.099,
    "min": 0.097,
    "max": 0.105,
    "times": [
      0.105,
      0.097,
      0.099
    ],
    "exit_codes": [
      0,
      0,
      0
    ]
  },
  "viteBuild": {
    "command": "npm run build",
    "mean": 0.3506610150466667,
    "stddev": 0.004983823037671398,
    "median": 0.34781315338,
    "user": 0.41110752,
    "system": 0.06376225333333334,
    "min": 0.34775415438,
    "max": 0.35641573738,
    "times": [
      0.34781315338,
      0.35641573738,
      0.34775415438
    ],
    "exit_codes": [
      0,
      0,
      0
    ]
  },
  "rspackDev": {
    "command": "Rspack dev server startup",
    "mean": 0.13766666666666666,
    "stddev": 0.010964589468932352,
    "median": 0.132,
    "min": 0.128,
    "max": 0.153,
    "times": [
      0.153,
      0.128,
      0.132
    ],
    "exit_codes": [
      0,
      0,
      0
    ]
  },
  "rspackBuild": {
    "command": "npm run build",
    "mean": 0.9705708104,
    "stddev": 0.015726673097106077,
    "median": 0.9630781714000001,
    "user": 1.6304671733333331,
    "system": 0.1744481533333333,
    "min": 0.9599915054000001,
    "max": 0.9886427544,
    "times": [
      0.9886427544,
      0.9630781714000001,
      0.9599915054000001
    ],
    "exit_codes": [
      0,
      0,
      0
    ]
  },
  "webpackDev": {
    "command": "Webpack dev server startup",
    "mean": 0.386,
    "stddev": 0.06441014412859722,
    "median": 0.344,
    "min": 0.337,
    "max": 0.477,
    "times": [
      0.477,
      0.337,
      0.344
    ],
    "exit_codes": [
      0,
      0,
      0
    ]
  },
  "webpackBuild": {
    "command": "npm run build",
    "mean": 1.1788073535133332,
    "stddev": 0.021364950959674594,
    "median": 1.17346615918,
    "user": 2.42529846,
    "system": 0.27131989333333334,
    "min": 1.16061974218,
    "max": 1.2023361591800001,
    "times": [
      1.17346615918,
      1.2023361591800001,
      1.16061974218
    ],
    "exit_codes": [
      0,
      0,
      0
    ]
  }
}