{
  "viteDev": {
    "command": "Vite dev server startup",
    "mean": 0.099,
    "stddev": 0.004320493798938574,
    "median": 0.097,
    "min": 0.095,
    "max": 0.105,
    "times": [
      0.105,
      0.097,
      0.095
    ],
    "exit_codes": [
      0,
      0,
      0
    ]
  },
  "viteBuild": {
    "command": "npm run build",
    "mean": 0.33528861764666673,
    "stddev": 0.002376324468858638,
    "median": 0.33645158998,
    "user": 0.40265993333333333,
    "system": 0.055425819999999994,
    "min": 0.33255479798000004,
    "max": 0.33685946498,
    "times": [
      0.33645158998,
      0.33255479798000004,
      0.33685946498
    ],
    "exit_codes": [
      0,
      0,
      0
    ]
  },
  "rspackDev": {
    "command": "Rspack dev server startup",
    "mean": 0.13433333333333333,
    "stddev": 0.005312459150169742,
    "median": 0.134,
    "min": 0.128,
    "max": 0.141,
    "times": [
      0.141,
      0.134,
      0.128
    ],
    "exit_codes": [
      0,
      0,
      0
    ]
  },
  "rspackBuild": {
    "command": "npm run build",
    "mean": 0.9654213572133333,
    "stddev": 0.03329845616901736,
    "median": 0.9550435658800001,
    "user": 1.6343031799999999,
    "system": 0.16451399999999997,
    "min": 0.93854760688,
    "max": 1.00267289888,
    "times": [
      1.00267289888,
      0.9550435658800001,
      0.93854760688
    ],
    "exit_codes": [
      0,
      0,
      0
    ]
  },
  "webpackDev": {
    "command": "Webpack dev server startup",
    "mean": 0.32766666666666666,
    "stddev": 0.004642796092394707,
    "median": 0.326,
    "min": 0.323,
    "max": 0.334,
    "times": [
      0.334,
      0.326,
      0.323
    ],
    "exit_codes": [
      0,
      0,
      0
    ]
  },
  "webpackBuild": {
    "command": "npm run build",
    "mean": 1.1397105989133334,
    "stddev": 0.0044227341485735434,
    "median": 1.14153126558,
    "user": 2.3991333466666664,
    "system": 0.25101046,
    "min": 1.13466814058,
    "max": 1.1429323905800002,
    "times": [
      1.1429323905800002,
      1.14153126558,
      1.13466814058
    ],
    "exit_codes": [
      0,
      0,
      0
    ]
  }
}