{
  "results": [
    {
      "command": "npm run build",
      "mean": 0.9373197881800002,
      "stddev": 0.02498408407313917,
      "median": 0.9432088043800001,
      "user": 1.5929439999999997,
      "system": 0.1632307,
      "min": 0.89850484638,
      "max": 0.96313488838,
      "times": [
        0.96313488838,
        0.9293896383800001,
        0.9432088043800001,
        0.9523607633800001,
        0.89850484638
      ],
      "exit_codes": [
        0,
        0,
        0,
        0,
        0
      ]
    }
  ]
}
