{
  "results": [
    {
      "command": "npm run build",
      "mean": 0.33153378844000003,
      "stddev": 0.004942776466336324,
      "median": 0.33078948064,
      "user": 0.40526371999999994,
      "system": 0.053688040000000006,
      "min": 0.32552518864,
      "max": 0.33909185464,
      "times": [
        0.32552518864,
        0.33078948064,
        0.33247627164000004,
        0.33909185464,
        0.32978614664000006
      ],
      "exit_codes": [
        0,
        0,
        0,
        0,
        0
      ]
    }
  ]
}
