{
  "results": [
    {
      "command": "npm run build",
      "mean": 1.1062090770400002,
      "stddev": 0.02111980866008423,
      "median": 1.0943082270400002,
      "user": 2.35268646,
      "system": 0.24383404,
      "min": 1.08773231004,
      "max": 1.13497422704,
      "times": [
        1.1223846020400001,
        1.13497422704,
        1.0916460190400001,
        1.0943082270400002,
        1.08773231004
      ],
      "exit_codes": [
        0,
        0,
        0,
        0,
        0
      ]
    }
  ]
}
