{
  "viteDev": {
    "command": "Vite dev server startup",
    "mean": 0.1032,
    "stddev": 0.012286578042726135,
    "median": 0.096,
    "min": 0.094,
    "max": 0.127,
    "times": [
      0.127,
      0.096,
      0.094,
      0.103,
      0.096
    ],
    "exit_codes": [
      0,
      0,
      0,
      0,
      0
    ]
  },
  "viteBuild": {
    "command": "npm run build",
    "mean": 0.33045066755999997,
    "stddev": 0.0018762970502151268,
    "median": 0.33084595056,
    "user": 0.39814788,
    "system": 0.0558801,
    "min": 0.32745170156000003,
    "max": 0.33222849256000003,
    "times": [
      0.33222849256000003,
      0.32745170156000003,
      0.33084595056,
      0.33001795056,
      0.33170924256
    ],
    "exit_codes": [
      0,
      0,
      0,
      0,
      0
    ]
  },
  "rspackDev": {
    "command": "Rspack dev server startup",
    "mean": 0.134,
    "stddev": 0.017504285189632852,
    "median": 0.125,
    "min": 0.125,
    "max": 0.169,
    "times": [
      0.169,
      0.126,
      0.125,
      0.125,
      0.125
    ],
    "exit_codes": [
      0,
      0,
      0,
      0,
      0
    ]
  },
  "rspackBuild": {
    "command": "npm run build",
    "mean": 0.9254435483600002,
    "stddev": 0.005869094493601754,
    "median": 0.9241003813600001,
    "user": 1.57921038,
    "system": 0.1507262,
    "min": 0.9182710063600001,
    "max": 0.9340700903600001,
    "times": [
      0.9241003813600001,
      0.9182710063600001,
      0.9276367153600001,
      0.9231395483600001,
      0.9340700903600001
    ],
    "exit_codes": [
      0,
      0,
      0,
      0,
      0
    ]
  },
  "webpackDev": {
    "command": "Webpack dev server startup",
    "mean": 0.359,
    "stddev": 0.055573374920010035,
    "median": 0.331,
    "min": 0.327,
    "max": 0.47,
    "times": [
      0.47,
      0.336,
      0.331,
      0.327,
      0.331
    ],
    "exit_codes": [
      0,
      0,
      0,
      0,
      0
    ]
  },
  "webpackBuild": {
    "command": "npm run build",
    "mean": 1.1352352068199998,
    "stddev": 0.02065801301245215,
    "median": 1.13582578162,
    "user": 2.44387854,
    "system": 0.24815398000000002,
    "min": 1.10592582362,
    "max": 1.15510878162,
    "times": [
      1.10592582362,
      1.15510878162,
      1.15403744862,
      1.12527819862,
      1.13582578162
    ],
    "exit_codes": [
      0,
      0,
      0,
      0,
      0
    ]
  }
}