{
  "viteDev": {
    "command": "Vite dev server startup",
    "mean": 0.0986,
    "stddev": 0.004317406628984582,
    "median": 0.097,
    "min": 0.095,
    "max": 0.107,
    "times": [
      0.107,
      0.097,
      0.098,
      0.095,
      0.096
    ],
    "exit_codes": [
      0,
      0,
      0,
      0,
      0
    ]
  },
  "viteBuild": {
    "command": "npm run build",
    "mean": 0.34268423758000005,
    "stddev": 0.012413057282750361,
    "median": 0.33982570418,
    "user": 0.40972201999999996,
    "system": 0.05914848,
    "min": 0.33161407918,
    "max": 0.36033345418,
    "times": [
      0.33161407918,
      0.33982570418,
      0.36033345418,
      0.34996728818000006,
      0.33168066218000003
    ],
    "exit_codes": [
      0,
      0,
      0,
      0,
      0
    ]
  },
  "rspackDev": {
    "command": "Rspack dev server startup",
    "mean": 0.1362,
    "stddev": 0.016104657711357915,
    "median": 0.129,
    "min": 0.124,
    "max": 0.168,
    "times": [
      0.168,
      0.129,
      0.128,
      0.124,
      0.132
    ],
    "exit_codes": [
      0,
      0,
      0,
      0,
      0
    ]
  },
  "rspackBuild": {
    "command": "npm run build",
    "mean": 0.93767930084,
    "stddev": 0.003729957161858397,
    "median": 0.9391970092400002,
    "user": 1.59707608,
    "system": 0.15029918,
    "min": 0.9316904672400002,
    "max": 0.9414132172400002,
    "times": [
      0.9316904672400002,
      0.9414132172400002,
      0.9391970092400002,
      0.9367698432400001,
      0.9393259672400001
    ],
    "exit_codes": [
      0,
      0,
      0,
      0,
      0
    ]
  },
  "webpackDev": {
    "command": "Webpack dev server startup",
    "mean": 0.3568,
    "stddev": 0.0521206293131616,
    "median": 0.332,
    "min": 0.328,
    "max": 0.461,
    "times": [
      0.461,
      0.331,
      0.328,
      0.332,
      0.332
    ],
    "exit_codes": [
      0,
      0,
      0,
      0,
      0
    ]
  },
  "webpackBuild": {
    "command": "npm run build",
    "mean": 1.12533208186,
    "stddev": 0.016440931990351074,
    "median": 1.11722563966,
    "user": 2.41304752,
    "system": 0.23823315999999997,
    "min": 1.11349284866,
    "max": 1.15295484866,
    "times": [
      1.1150573486600002,
      1.11349284866,
      1.11722563966,
      1.12792972366,
      1.15295484866
    ],
    "exit_codes": [
      0,
      0,
      0,
      0,
      0
    ]
  }
}