{
  "viteDev": {
    "command": "Vite dev server startup",
    "mean": 0.0994,
    "stddev": 0.005122499389946279,
    "median": 0.099,
    "min": 0.095,
    "max": 0.109,
    "times": [
      0.109,
      0.099,
      0.095,
      0.095,
      0.099
    ],
    "exit_codes": [
      0,
      0,
      0,
      0,
      0
    ]
  },
  "viteBuild": {
    "command": "npm run build",
    "mean": 0.332857345,
    "stddev": 0.003345880589480113,
    "median": 0.3323391616,
    "user": 0.40243902,
    "system": 0.05447877999999999,
    "min": 0.32863395360000003,
    "max": 0.3375099536,
    "times": [
      0.3375099536,
      0.3344866616,
      0.3313169946,
      0.3323391616,
      0.32863395360000003
    ],
    "exit_codes": [
      0,
      0,
      0,
      0,
      0
    ]
  },
  "rspackDev": {
    "command": "Rspack dev server startup",
    "mean": 0.13340000000000002,
    "stddev": 0.008890444308357148,
    "median": 0.129,
    "min": 0.127,
    "max": 0.151,
    "times": [
      0.151,
      0.127,
      0.129,
      0.131,
      0.129
    ],
    "exit_codes": [
      0,
      0,
      0,
      0,
      0
    ]
  },
  "rspackBuild": {
    "command": "npm run build",
    "mean": 0.94490415252,
    "stddev": 0.030131588324925285,
    "median": 0.92555989392,
    "user": 1.61453624,
    "system": 0.15793823999999995,
    "min": 0.92114376892,
    "max": 0.9878763529200001,
    "times": [
      0.92440006092,
      0.92555989392,
      0.92114376892,
      0.9878763529200001,
      0.9655406859200001
    ],
    "exit_codes": [
      0,
      0,
      0,
      0,
      0
    ]
  },
  "webpackDev": {
    "command": "Webpack dev server startup",
    "mean": 0.339,
    "stddev": 0.047006382545352283,
    "median": 0.316,
    "min": 0.314,
    "max": 0.433,
    "times": [
      0.433,
      0.316,
      0.314,
      0.316,
      0.316
    ],
    "exit_codes": [
      0,
      0,
      0,
      0,
      0
    ]
  },
  "webpackBuild": {
    "command": "npm run build",
    "mean": 1.14668913112,
    "stddev": 0.03899722410774516,
    "median": 1.12870548952,
    "user": 2.3804501399999998,
    "system": 0.25482208,
    "min": 1.1105384895200001,
    "max": 1.20916565652,
    "times": [
      1.1105384895200001,
      1.12870548952,
      1.20916565652,
      1.1264752395200002,
      1.15856078052
    ],
    "exit_codes": [
      0,
      0,
      0,
      0,
      0
    ]
  }
}