{
  "viteDev": {
    "command": "Vite dev server startup",
    "mean": 0.1044,
    "stddev": 0.0154220621189256,
    "median": 0.097,
    "min": 0.094,
    "max": 0.135,
    "times": [
      0.135,
      0.1,
      0.097,
      0.096,
      0.094
    ],
    "exit_codes": [
      0,
      0,
      0,
      0,
      0
    ]
  },
  "viteBuild": {
    "command": "npm run build",
    "mean": 0.33765968592,
    "stddev": 0.016990469243376313,
    "median": 0.33100536912,
    "user": 0.40313966,
    "system": 0.05584564000000001,
    "min": 0.32709074412000005,
    "max": 0.36771041112,
    "times": [
      0.33100536912,
      0.36771041112,
      0.32709074412000005,
      0.33383474412,
      0.32865716112000004
    ],
    "exit_codes": [
      0,
      0,
      0,
      0,
      0
    ]
  },
  "rspackDev": {
    "command": "Rspack dev server startup",
    "mean": 0.13419999999999999,
    "stddev": 0.013422369388450013,
    "median": 0.128,
    "min": 0.126,
    "max": 0.161,
    "times": [
      0.161,
      0.128,
      0.128,
      0.126,
      0.128
    ],
    "exit_codes": [
      0,
      0,
      0,
      0,
      0
    ]
  },
  "rspackBuild": {
    "command": "npm run build",
    "mean": 0.93461057776,
    "stddev": 0.005845678144060677,
    "median": 0.9355570025600001,
    "user": 1.5919164399999999,
    "system": 0.15163664,
    "min": 0.92863646156,
    "max": 0.94292025256,
    "times": [
      0.92863646156,
      0.9355570025600001,
      0.92938729456,
      0.93655187756,
      0.94292025256
    ],
    "exit_codes": [
      0,
      0,
      0,
      0,
      0
    ]
  },
  "webpackDev": {
    "command": "Webpack dev server startup",
    "mean": 0.36219999999999997,
    "stddev": 0.06097343683933192,
    "median": 0.334,
    "min": 0.328,
    "max": 0.484,
    "times": [
      0.484,
      0.334,
      0.336,
      0.329,
      0.328
    ],
    "exit_codes": [
      0,
      0,
      0,
      0,
      0
    ]
  },
  "webpackBuild": {
    "command": "npm run build",
    "mean": 1.11342390672,
    "stddev": 0.006152420027596229,
    "median": 1.11367737332,
    "user": 2.39242754,
    "system": 0.23757827999999998,
    "min": 1.10482037332,
    "max": 1.11970383132,
    "times": [
      1.11023145732,
      1.10482037332,
      1.11367737332,
      1.11868649832,
      1.11970383132
    ],
    "exit_codes": [
      0,
      0,
      0,
      0,
      0
    ]
  }
}