{
  "viteDev": {
    "command": "Vite dev server startup",
    "mean": 0.0996,
    "stddev": 0.005351635264103862,
    "median": 0.098,
    "min": 0.093,
    "max": 0.109,
    "times": [
      0.109,
      0.097,
      0.098,
      0.101,
      0.093
    ],
    "exit_codes": [
      0,
      0,
      0,
      0,
      0
    ]
  },
  "viteBuild": {
    "command": "npm run build",
    "mean": 0.32964754108,
    "stddev": 0.003170715739835686,
    "median": 0.32839949048,
    "user": 0.39766518,
    "system": 0.05584298,
    "min": 0.32714032448,
    "max": 0.33500286648,
    "times": [
      0.32774969948,
      0.33500286648,
      0.32714032448,
      0.32994532447999997,
      0.32839949048
    ],
    "exit_codes": [
      0,
      0,
      0,
      0,
      0
    ]
  },
  "rspackDev": {
    "command": "Rspack dev server startup",
    "mean": 0.13340000000000002,
    "stddev": 0.01581897594662815,
    "median": 0.126,
    "min": 0.124,
    "max": 0.165,
    "times": [
      0.165,
      0.124,
      0.126,
      0.126,
      0.126
    ],
    "exit_codes": [
      0,
      0,
      0,
      0,
      0
    ]
  },
  "rspackBuild": {
    "command": "npm run build",
    "mean": 0.93269130304,
    "stddev": 0.02756774360143599,
    "median": 0.91350715304,
    "user": 1.5984891599999997,
    "system": 0.15862186,
    "min": 0.91168786104,
    "max": 0.96445419504,
    "times": [
      0.91350715304,
      0.91254819504,
      0.91168786104,
      0.9612591110400001,
      0.96445419504
    ],
    "exit_codes": [
      0,
      0,
      0,
      0,
      0
    ]
  },
  "webpackDev": {
    "command": "Webpack dev server startup",
    "mean": 0.3488,
    "stddev": 0.055628769535196444,
    "median": 0.317,
    "min": 0.315,
    "max": 0.459,
    "times": [
      0.459,
      0.317,
      0.317,
      0.315,
      0.336
    ],
    "exit_codes": [
      0,
      0,
      0,
      0,
      0
    ]
  },
  "webpackBuild": {
    "command": "npm run build",
    "mean": 1.0969571518799999,
    "stddev": 0.005496009210928058,
    "median": 1.0951557190799999,
    "user": 2.3368093799999996,
    "system": 0.23031864,
    "min": 1.0907002180799998,
    "max": 1.10356605208,
    "times": [
      1.10178688508,
      1.0951557190799999,
      1.0935768850799998,
      1.10356605208,
      1.0907002180799998
    ],
    "exit_codes": [
      0,
      0,
      0,
      0,
      0
    ]
  }
}