{
  "viteDev": {
    "command": "Vite dev server startup",
    "mean": 0.1008,
    "stddev": 0.008158431221748457,
    "median": 0.097,
    "min": 0.095,
    "max": 0.117,
    "times": [
      0.117,
      0.098,
      0.095,
      0.097,
      0.097
    ],
    "exit_codes": [
      0,
      0,
      0,
      0,
      0
    ]
  },
  "viteBuild": {
    "command": "npm run build",
    "mean": 0.32542898738,
    "stddev": 0.0015147981026251305,
    "median": 0.32545508718,
    "user": 0.39455303999999997,
    "system": 0.051998279999999994,
    "min": 0.32387446218,
    "max": 0.32764437918,
    "times": [
      0.32598475418,
      0.32545508718,
      0.32764437918,
      0.32387446218,
      0.32418625418
    ],
    "exit_codes": [
      0,
      0,
      0,
      0,
      0
    ]
  },
  "rspackDev": {
    "command": "Rspack dev server startup",
    "mean": 0.133,
    "stddev": 0.010488088481701515,
    "median": 0.127,
    "min": 0.125,
    "max": 0.153,
    "times": [
      0.153,
      0.134,
      0.125,
      0.126,
      0.127
    ],
    "exit_codes": [
      0,
      0,
      0,
      0,
      0
    ]
  },
  "rspackBuild": {
    "command": "npm run build",
    "mean": 0.9305321951200002,
    "stddev": 0.01605762340503213,
    "median": 0.9352789197200001,
    "user": 1.59282074,
    "system": 0.1593365,
    "min": 0.9106792117200001,
    "max": 0.9457364207200001,
    "times": [
      0.9457364207200001,
      0.9443313787200001,
      0.9106792117200001,
      0.9166350447200001,
      0.9352789197200001
    ],
    "exit_codes": [
      0,
      0,
      0,
      0,
      0
    ]
  },
  "webpackDev": {
    "command": "Webpack dev server startup",
    "mean": 0.3464,
    "stddev": 0.05448889795178464,
    "median": 0.317,
    "min": 0.316,
    "max": 0.455,
    "times": [
      0.455,
      0.316,
      0.317,
      0.328,
      0.316
    ],
    "exit_codes": [
      0,
      0,
      0,
      0,
      0
    ]
  },
  "webpackBuild": {
    "command": "npm run build",
    "mean": 1.10795605104,
    "stddev": 0.01073220718605663,
    "median": 1.10941049324,
    "user": 2.3402953,
    "system": 0.23188139999999996,
    "min": 1.09556720124,
    "max": 1.12314611724,
    "times": [
      1.10941049324,
      1.12314611724,
      1.11154349324,
      1.10011295024,
      1.09556720124
    ],
    "exit_codes": [
      0,
      0,
      0,
      0,
      0
    ]
  }
}