{
  "viteDev": {
    "command": "Vite dev server startup",
    "mean": 0.10479999999999999,
    "stddev": 0.011124747188138705,
    "median": 0.1,
    "min": 0.094,
    "max": 0.125,
    "times": [
      0.108,
      0.125,
      0.1,
      0.097,
      0.094
    ],
    "exit_codes": [
      0,
      0,
      0,
      0,
      0
    ]
  },
  "viteBuild": {
    "command": "npm run build",
    "mean": 0.32695712330000004,
    "stddev": 0.0031490856238877603,
    "median": 0.3266748063,
    "user": 0.39559528000000005,
    "system": 0.05348314,
    "min": 0.3222355153,
    "max": 0.3300302653,
    "times": [
      0.3261925563,
      0.3300302653,
      0.3266748063,
      0.3296524733,
      0.3222355153
    ],
    "exit_codes": [
      0,
      0,
      0,
      0,
      0
    ]
  },
  "rspackDev": {
    "command": "Rspack dev server startup",
    "mean": 0.131,
    "stddev": 0.008648699324175863,
    "median": 0.126,
    "min": 0.122,
    "max": 0.145,
    "times": [
      0.145,
      0.137,
      0.126,
      0.122,
      0.125
    ],
    "exit_codes": [
      0,
      0,
      0,
      0,
      0
    ]
  },
  "rspackBuild": {
    "command": "npm run build",
    "mean": 0.92274247366,
    "stddev": 0.007444185457588551,
    "median": 0.92125043206,
    "user": 1.576258,
    "system": 0.15361455999999998,
    "min": 0.91624189006,
    "max": 0.9349457240600001,
    "times": [
      0.92125043206,
      0.91752301506,
      0.91624189006,
      0.9349457240600001,
      0.9237513070600001
    ],
    "exit_codes": [
      0,
      0,
      0,
      0,
      0
    ]
  },
  "webpackDev": {
    "command": "Webpack dev server startup",
    "mean": 0.3434,
    "stddev": 0.048869622466313364,
    "median": 0.318,
    "min": 0.317,
    "max": 0.441,
    "times": [
      0.441,
      0.317,
      0.317,
      0.318,
      0.324
    ],
    "exit_codes": [
      0,
      0,
      0,
      0,
      0
    ]
  },
  "webpackBuild": {
    "command": "npm run build",
    "mean": 1.1163540398599998,
    "stddev": 0.00987743780629337,
    "median": 1.11736829826,
    "user": 2.36341252,
    "system": 0.24539426,
    "min": 1.10258588126,
    "max": 1.12995592326,
    "times": [
      1.11325671426,
      1.10258588126,
      1.1186033822600001,
      1.11736829826,
      1.12995592326
    ],
    "exit_codes": [
      0,
      0,
      0,
      0,
      0
    ]
  }
}