{
  "viteDev": {
    "command": "Vite dev server startup",
    "mean": 0.1026,
    "stddev": 0.013749181793837769,
    "median": 0.095,
    "min": 0.095,
    "max": 0.13,
    "times": [
      0.13,
      0.098,
      0.095,
      0.095,
      0.095
    ],
    "exit_codes": [
      0,
      0,
      0,
      0,
      0
    ]
  },
  "viteBuild": {
    "command": "npm run build",
    "mean": 0.32683911342,
    "stddev": 0.0008308866443779786,
    "median": 0.32687223862,
    "user": 0.3973243999999999,
    "system": 0.05065473999999999,
    "min": 0.32602265462,
    "max": 0.32808465562,
    "times": [
      0.32687223862,
      0.32707469662,
      0.32614132162,
      0.32602265462,
      0.32808465562
    ],
    "exit_codes": [
      0,
      0,
      0,
      0,
      0
    ]
  },
  "rspackDev": {
    "command": "Rspack dev server startup",
    "mean": 0.13440000000000002,
    "stddev": 0.015982490419205637,
    "median": 0.126,
    "min": 0.124,
    "max": 0.166,
    "times": [
      0.166,
      0.125,
      0.124,
      0.131,
      0.126
    ],
    "exit_codes": [
      0,
      0,
      0,
      0,
      0
    ]
  },
  "rspackBuild": {
    "command": "npm run build",
    "mean": 0.9284087666400002,
    "stddev": 0.001430172037068026,
    "median": 0.9276295170400001,
    "user": 1.59481776,
    "system": 0.14723654,
    "min": 0.9271096000400001,
    "max": 0.9302582660400001,
    "times": [
      0.92741876704,
      0.9271096000400001,
      0.9302582660400001,
      0.9276295170400001,
      0.9296276830400001
    ],
    "exit_codes": [
      0,
      0,
      0,
      0,
      0
    ]
  },
  "webpackDev": {
    "command": "Webpack dev server startup",
    "mean": 0.3424,
    "stddev": 0.04386616007812857,
    "median": 0.32,
    "min": 0.318,
    "max": 0.43,
    "times": [
      0.43,
      0.325,
      0.32,
      0.319,
      0.318
    ],
    "exit_codes": [
      0,
      0,
      0,
      0,
      0
    ]
  },
  "webpackBuild": {
    "command": "npm run build",
    "mean": 1.11219045026,
    "stddev": 0.01566780437762666,
    "median": 1.1090406582599999,
    "user": 2.35007546,
    "system": 0.22285817999999996,
    "min": 1.09622895026,
    "max": 1.13241228326,
    "times": [
      1.1090406582599999,
      1.09923174226,
      1.09622895026,
      1.1240386172599999,
      1.13241228326
    ],
    "exit_codes": [
      0,
      0,
      0,
      0,
      0
    ]
  }
}